name,prompt,negative_prompt
Nino Nakano,"go-toubun no hanayome, nakano nino, 1girl, areolae, bangs, black ribbon, blunt bangs, breasts, butterfly hair ornament, <lora:nakano_nino:0.2>, pink_hair, hair_ribbon, hair_ornament, angry, blue eyes, (pink lips:1.1),",
Anime Screencap,"(anime style. anime coloring), <lora:animeScreencapStyle_v230epochs:0.5>",
Ropa escolar abierta,"school uniform, ((open clothes, nipples)), classroom, open shirt, standing, arms up, open mouth, skirt, illustration, extremely_detailed_wallpaper, yawning, ",
Hu Tao (Genshi Impact),"<lora:hutao_v2:0.7>, 1girl, hu tao (genshin impact), hat, red eyes, twintails, brown hair, solo, symbol-shaped pupils, long hair,bangs, flower-shaped pupils, hair between eyes,",
Onsen,"nipples, breast squeeze, arms down, nude, topless, onsen, water, floating breasts, from below, ((upper body)),  illustration, extremely_detailed_wallpaper, (seductive_smile), 
",
Ganyu (Genshi Impact),"<lora:ganyu:0.7>, twin horn, bare shoulder, bodysuit, ganyu \(genshin impact\)",
LaGalissonniere (Azur Lane),"1girl,cleavage,standing,blush,light smile, <lora:laGalissonniereAzurLaneChina_v108:0.7>, la galissonniere \(azur lane\)",
Gridman-Shinjou Akane,"shinjou akane,shinjou akane's style,off shoulders,  <lora:ssssGridmanShinjouAkaneSSSS_shinjouAkane:0.7>",
Raphtalia,"raphtalia, raccoon ears, raccoon tail, brown hair, red eyes, 1girl,  <lora:raphtalialora_v1:0.5>",
Renko Touhou,"renko, black victorian hat, short black hair, black capelet, <lora:UsamiRenkoTouhou_v10:0.5>",
Minerva (Re:Zero),"minervanai, side ponytail, hair ornament,  <lora:reZeroMinerva_v10:0.6> blonde hair, blue eyes, minerva \(re:zero\)",
La Pluma (Arknights),"la pluma, la pluma uniform, uniform with coat, mizugifa210,  <lora:arknightsLaPluma_v10:0.6>, la pluma \(arknights\)",
